{"meta": {"version": "7.3.0", "timestamp": "2025-09-03T23:47:54.087823", "branch_coverage": false, "show_contexts": false}, "files": {"nobody_knows/production/feature_flags.py": {"executed_lines": [2, 14, 24, 25, 26, 27, 28, 29, 33], "summary": {"covered_lines": 9, "num_statements": 9, "percent_covered": 100.0, "percent_covered_display": "100", "missing_lines": 0, "excluded_lines": 0}, "missing_lines": [], "excluded_lines": []}, "nobody_knows/production/feature_flags_enhanced.py": {"executed_lines": [2, 18, 19, 20, 21, 22, 23, 24, 25, 26, 27, 28, 29, 32, 33, 34, 37, 38, 39, 42, 43, 44, 59, 60, 61, 62, 63, 64, 65, 68, 69, 70, 75, 76, 77, 78, 79, 80, 81, 82, 83, 84, 85, 87, 89, 91, 93, 94, 96, 98, 99, 100, 102, 103, 105, 106, 107, 110, 111, 112, 113, 114, 115, 116, 117, 118, 119, 120, 122, 124, 126, 128, 130, 132, 136, 137, 138, 139, 140, 141, 142, 143, 144, 146, 148, 150, 152, 156, 157, 159, 160, 161, 162, 163, 164, 166, 168, 170, 171, 173, 174, 175, 183, 185, 188, 189, 190, 193, 195, 197, 200, 201, 202, 203, 206, 213, 215, 217, 218, 219, 222, 223, 225, 232, 233, 239, 242, 243, 245, 246, 251, 252, 253, 254, 255, 256, 257, 260, 261, 262, 263, 266, 274, 276, 278, 279, 281, 282, 284, 286, 287, 288, 292, 293, 294, 299, 301, 303, 304, 306, 307, 308, 309, 313, 315, 316, 317, 320, 326, 327, 328, 332, 334, 340, 342, 351, 352, 354, 355, 357, 359, 360, 362, 365, 376, 377, 378, 380, 386, 388, 389, 403, 405, 409, 411, 412, 417, 419, 420, 422, 424, 425, 428, 429, 430, 434, 439, 440, 443, 445, 452, 455, 456, 458, 462, 463, 464, 465, 466, 469, 475, 478, 481, 488, 490, 491, 498, 500, 501, 503, 510, 513, 515, 516, 518, 519, 520, 521, 524, 525, 530, 536, 539, 548, 550, 552, 554, 556, 558, 562, 563, 564, 566, 567, 569, 571, 572, 574, 576, 580, 581, 582, 584, 585, 587, 589, 590, 591, 592, 593, 595, 597, 598, 600, 601, 603, 605, 606, 609, 610, 613, 614, 615, 617, 618, 619, 620, 622, 623, 626, 627, 628, 629, 630, 631, 633, 635, 637, 643, 645, 646, 647, 649, 651, 655, 657, 659, 660, 662, 667, 670, 671, 672, 674, 675, 678, 683, 685, 688, 689, 691, 692, 693, 695, 697, 701, 703, 705, 707, 709, 711, 713, 715, 727], "summary": {"covered_lines": 327, "num_statements": 407, "percent_covered": 80.34398034398035, "percent_covered_display": "80", "missing_lines": 80, "excluded_lines": 0}, "missing_lines": [46, 47, 48, 49, 52, 90, 92, 125, 127, 129, 131, 133, 149, 151, 153, 177, 179, 180, 181, 186, 198, 227, 228, 229, 248, 289, 295, 296, 297, 310, 311, 321, 322, 323, 329, 330, 336, 337, 338, 382, 383, 384, 391, 392, 393, 394, 397, 398, 400, 401, 406, 407, 413, 414, 431, 435, 436, 437, 447, 448, 449, 450, 459, 467, 493, 494, 495, 496, 511, 526, 527, 541, 542, 559, 577, 599, 607, 611, 686, 717], "excluded_lines": []}}, "totals": {"covered_lines": 336, "num_statements": 416, "percent_covered": 80.76923076923077, "percent_covered_display": "81", "missing_lines": 80, "excluded_lines": 0}}